0,1,2,3,4,5,6,7,8,9,10,11,12,13,14,15,16,17,18,19,20,21,22,23,24,25,26,27,28,29,30,31,32,33,34,35,36,37,38,39,40,41,42,43,44,45,46,47,48,49,50,51,52,53,54,55,56,57,58,59,60,61,62,63,64,65,66,67,68,69,70,71,72,73,74,75,76,77,78,79,80,81,82,83,84,85,86,87,88,89,90,91,92,93,94,95,96,97,98,99,100,101,102,103,104,105,106,107,108,109,110,111,112,113,114,115,116,117,118,119,120,121,122,123,124,125,126,127,128,129,130,131
0.47590577602386475,0.3956231474876404,0.13650940358638763,0.9994094371795654,0.4642193019390106,0.3864433765411377,0.06333694607019424,0.9995816349983215,0.45678281784057617,0.3867718279361725,0.06336982548236847,0.9995480179786682,0.4493665397167206,0.38728612661361694,0.06327036768198013,0.9995384216308594,0.4864709675312042,0.38665544986724854,0.07247573882341385,0.9994400143623352,0.49411824345588684,0.38703179359436035,0.07258693873882294,0.9993070363998413,0.5019193291664124,0.38745787739753723,0.07246650755405426,0.9992097616195679,0.4407404363155365,0.395142138004303,-0.17151519656181335,0.9996786117553711,0.5164987444877625,0.39364945888519287,-0.13284961879253387,0.9993464350700378,0.4674675464630127,0.40615540742874146,0.06906495988368988,0.9990880489349365,0.491037517786026,0.40669962763786316,0.08040820062160492,0.9987987279891968,0.35664546489715576,0.46689242124557495,-0.2913820147514343,0.9999345541000366,0.6111199855804443,0.4620366394519806,-0.199623242020607,0.9997280240058899,0.240068718791008,0.5449429750442505,-0.1633075624704361,0.9976779818534851,0.7046571969985962,0.5382856130599976,-0.06274460256099701,0.9932301044464111,0.33067619800567627,0.6106042265892029,0.1585974246263504,0.6422040462493896,0.6327322721481323,0.5962674617767334,0.18982160091400146,0.7519190907478333,0.3437700569629669,0.6303771138191223,0.17823541164398193,0.32316580414772034,0.6193146109580994,0.6116611361503601,0.20887866616249084,0.4900519847869873,0.3598097264766693,0.6225967407226562,0.17373545467853546,0.2987920045852661,0.6064226627349854,0.6071478724479675,0.2038475126028061,0.4735362231731415,0.36072999238967896,0.6158459186553955,0.16554498672485352,0.31853213906288147,0.608352541923523,0.6011839509010315,0.1929030567407608,0.4536413550376892,0.4378875494003296,0.6179924011230469,-0.03478929027915001,0.9992430210113525,0.5652704238891602,0.6137246489524841,0.03419956937432289,0.9987786412239075,0.4364093542098999,0.722804605960846,0.2821507155895233,0.3769918382167816,0.5471049547195435,0.7359620332717896,0.38098737597465515,0.37375712394714355,0.4663461148738861,0.8453176617622375,0.6139382123947144,0.31815826892852783,0.5451459288597107,0.8520798683166504,0.689188539981842,0.3831169009208679,0.47531405091285706,0.8718555569648743,0.650203287601471,0.45181000232696533,0.5424624681472778,0.8758817911148071,0.7230014204978943,0.5311806797981262,0.46401384472846985,0.8431220054626465,0.6697672009468079,0.21360503137111664,0.5628684163093567,0.8582906126976013,0.7188372611999512,0.1902749240398407
0.47779569029808044,0.40111833810806274,0.20447595417499542,0.999301016330719,0.4659343361854553,0.39103633165359497,0.13144050538539886,0.9995091557502747,0.4582677185535431,0.3910154700279236,0.13145455718040466,0.9994832873344421,0.4505821168422699,0.39113613963127136,0.13137777149677277,0.9994698762893677,0.4879840016365051,0.3914977014064789,0.14096523821353912,0.9993208050727844,0.4954143166542053,0.3916681408882141,0.14102952182292938,0.9991664290428162,0.5030074715614319,0.3917641043663025,0.14091934263706207,0.999036967754364,0.44178828597068787,0.39837315678596497,-0.11473529040813446,0.9996352791786194,0.5172070860862732,0.3975086212158203,-0.07385772466659546,0.9992324113845825,0.46894869208335876,0.4111413359642029,0.13204973936080933,0.9989685416221619,0.4923568665981293,0.4124312102794647,0.14383159577846527,0.9986100196838379,0.3586481511592865,0.4703293442726135,-0.2709599435329437,0.9999268054962158,0.6109820008277893,0.4649946093559265,-0.1287902444601059,0.9996744990348816,0.2398967295885086,0.5449442863464355,-0.19155406951904297,0.9977671504020691,0.7035974860191345,0.5392886400222778,0.034056406468153,0.9926736950874329,0.330909788608551,0.617313802242279,0.08172839134931564,0.6532184481620789,0.6293724775314331,0.6027578711509705,0.3192389905452728,0.7378970980644226,0.345086008310318,0.634963870048523,0.09163157641887665,0.33580878376960754,0.6112216114997864,0.6206227540969849,0.35103610157966614,0.47714337706565857,0.36122503876686096,0.6295596957206726,0.09379273653030396,0.3117752969264984,0.59674471616745,0.6175397634506226,0.35006099939346313,0.46086055040359497,0.3608092665672302,0.6236103177070618,0.08929327130317688,0.32995840907096863,0.5988670587539673,0.611312747001648,0.325485497713089,0.44255557656288147,0.4371020197868347,0.6345502138137817,-0.05916755646467209,0.999171257019043,0.5652720332145691,0.6245172619819641,0.05851084738969803,0.9986549615859985,0.43361756205558777,0.7443721890449524,0.18884329497814178,0.4054507315158844,0.5489069223403931,0.7472032308578491,0.37595313787460327,0.38638603687286377,0.4698755145072937,0.8650338053703308,0.4784417450428009,0.3312491178512573,0.5664855241775513,0.8649019002914429,0.6398149728775024,0.3813532888889313,0.48626604676246643,0.8887321949005127,0.5114275813102722,0.4670809209346771,0.5701137185096741,0.8879531025886536,0.6679125428199768,0.5287816524505615,0.4627322554588318,0.870519757270813,0.5290746688842773,0.21694953739643097,0.5748249292373657,0.8761642575263977,0.6625617146492004,0.1881837248802185
0.4826243221759796,0.4140438735485077,0.3187818229198456,0.9991594552993774,0.47120893001556396,0.4042609632015228,0.24874719977378845,0.999423623085022,0.4633108377456665,0.404483824968338,0.24871861934661865,0.999411940574646,0.4554392099380493,0.40476733446121216,0.24864786863327026,0.9993939399719238,0.49264994263648987,0.40425264835357666,0.25520023703575134,0.9991720914840698,0.4997584819793701,0.40437477827072144,0.2553107738494873,0.998992919921875,0.5068448781967163,0.40427446365356445,0.2552148699760437,0.9988174438476562,0.4446433186531067,0.41107067465782166,0.0038827466778457165,0.9995923042297363,0.5185025334358215,0.40814700722694397,0.032500095665454865,0.9990978240966797,0.4721890389919281,0.4238085150718689,0.2459292709827423,0.9988949298858643,0.4953004717826843,0.4238573908805847,0.2539503872394562,0.9984575510025024,0.3598286509513855,0.48159387707710266,-0.16773411631584167,0.9999219179153442,0.6108047366142273,0.47286713123321533,-0.04690547287464142,0.9996360540390015,0.24004681408405304,0.5451530814170837,-0.12877540290355682,0.9978436231613159,0.7035773992538452,0.5412337779998779,0.10697135329246521,0.9920941591262817,0.32924020290374756,0.6219252347946167,0.10625693947076797,0.6634817123413086,0.6294558048248291,0.6036939024925232,0.3639149069786072,0.7291073203086853,0.3439956605434418,0.6399340033531189,0.1227554902434349,0.3485516607761383,0.6099986433982849,0.6224691271781921,0.38536664843559265,0.46905797719955444,0.35904884338378906,0.6353126168251038,0.12142056971788406,0.32430121302604675,0.5960655808448792,0.6198443174362183,0.3883046507835388,0.4533078372478485,0.35958683490753174,0.6290889382362366,0.11347126960754395,0.34037527441978455,0.5980236530303955,0.6125117540359497,0.3706606328487396,0.43520399928092957,0.43747663497924805,0.6490022540092468,-0.05697925388813019,0.9991217851638794,0.5659252405166626,0.6374985575675964,0.05634383112192154,0.9985582232475281,0.4297097623348236,0.7393107414245605,0.20840153098106384,0.4277693033218384,0.5549481511116028,0.7526979446411133,0.37893548607826233,0.4056088328361511,0.4697178900241852,0.8641141057014465,0.5197674632072449,0.33323296904563904,0.5875954627990723,0.8706967830657959,0.6510311961174011,0.3831300139427185,0.48557907342910767,0.8908582925796509,0.5552201271057129,0.46882906556129456,0.5899843573570251,0.8946048617362976,0.6813998818397522,0.5333285927772522,0.4563561677932739,0.864898681640625,0.5813563466072083,0.21394647657871246,0.6046046614646912,0.8781291842460632,0.678294837474823,0.18902476131916046
0.4828898310661316,0.42521223425865173,0.41645246744155884,0.9988788962364197,0.4715946614742279,0.4165516495704651,0.3447904586791992,0.9992143511772156,0.463604211807251,0.4171193540096283,0.34476563334465027,0.9992198944091797,0.4556411802768707,0.41767582297325134,0.34473153948783875,0.9991874694824219,0.49336254596710205,0.41585129499435425,0.3514005243778229,0.9988380074501038,0.5004228949546814,0.4159330725669861,0.35149335861206055,0.9986336827278137,0.5073715448379517,0.4158492386341095,0.35140228271484375,0.9984039068222046,0.4450269341468811,0.4234623312950134,0.0847260132431984,0.999470055103302,0.5184899568557739,0.41993096470832825,0.11478132754564285,0.9987798929214478,0.47204968333244324,0.4347114861011505,0.33751213550567627,0.9986879229545593,0.49522843956947327,0.4343186020851135,0.34597140550613403,0.9981747269630432,0.36030980944633484,0.48974549770355225,-0.10186588019132614,0.9999017119407654,0.6106871962547302,0.4805335998535156,0.011607118882238865,0.9995885491371155,0.24030637741088867,0.5469496846199036,-0.09093392640352249,0.9978951811790466,0.7040818333625793,0.5428857207298279,0.13472256064414978,0.9920101165771484,0.3291763961315155,0.6278577446937561,0.13468940556049347,0.6544182896614075,0.6279470324516296,0.6061205863952637,0.3624477684497833,0.7146586179733276,0.3436781167984009,0.6443135142326355,0.14357811212539673,0.34204915165901184,0.6055861711502075,0.6255337595939636,0.3881209194660187,0.4553930461406708,0.35901257395744324,0.6417421102523804,0.16077478229999542,0.31804579496383667,0.5928345322608948,0.622403621673584,0.3901080787181854,0.43974360823631287,0.35959792137145996,0.635561466217041,0.14537537097930908,0.33312493562698364,0.5953478217124939,0.6142423152923584,0.3684978485107422,0.4225928783416748,0.4400114417076111,0.6657564043998718,-0.054219868034124374,0.9988791346549988,0.5681143403053284,0.6532171368598938,0.053583063185214996,0.9983175992965698,0.4353369176387787,0.7733795642852783,0.12900881469249725,0.45789703726768494,0.5645933151245117,0.7831003665924072,0.22364477813243866,0.4430789053440094,0.4698769748210907,0.8986843228340149,0.3436482846736908,0.3489234149456024,0.608928382396698,0.9090287089347839,0.35349005460739136,0.404171347618103,0.4851320683956146,0.9229996204376221,0.3671414256095886,0.48178723454475403,0.6076235771179199,0.9339578151702881,0.3672276437282562,0.5542834401130676,0.4564705789089203,0.9049400687217712,0.373039573431015,0.21585382521152496,0.6400074362754822,0.9207041263580322,0.34466850757598877,0.1968109905719757
0.48264968395233154,0.43501925468444824,0.34874051809310913,0.9982327818870544,0.47135376930236816,0.42600834369659424,0.2782530188560486,0.9987648129463196,0.4634019434452057,0.4266726076602936,0.2781981825828552,0.9988288283348083,0.45548346638679504,0.4272928833961487,0.2781681716442108,0.9987282752990723,0.49335813522338867,0.4248855412006378,0.284168004989624,0.9980864524841309,0.5005329251289368,0.4249323308467865,0.2842663824558258,0.997866690158844,0.5076122283935547,0.42486995458602905,0.28414756059646606,0.997406005859375,0.44558098912239075,0.43246254324913025,0.036829594522714615,0.9992727637290955,0.518495500087738,0.42923039197921753,0.06484653055667877,0.9983169436454773,0.47188690304756165,0.44425684213638306,0.27764418721199036,0.9982985854148865,0.49520376324653625,0.4438779652118683,0.2860896587371826,0.9975744485855103,0.36130040884017944,0.4967331886291504,-0.12052204459905624,0.9998811483383179,0.6106875538825989,0.4877776801586151,-0.0459580160677433,0.9995571374893188,0.24032683670520782,0.5519284009933472,-0.1147097498178482,0.9978110194206238,0.7058278918266296,0.5457401871681213,0.062494076788425446,0.9917328357696533,0.3361154794692993,0.6322125792503357,0.06809680908918381,0.6252578496932983,0.6260859370231628,0.607799768447876,0.25126251578330994,0.7025341391563416,0.3519915044307709,0.6508845686912537,0.07241000980138779,0.3233572840690613,0.6060419082641602,0.6280288696289062,0.2703353762626648,0.44379374384880066,0.3668161928653717,0.6495160460472107,0.08470173925161362,0.30058494210243225,0.5896658301353455,0.6247080564498901,0.2801801264286041,0.42813819646835327,0.3600405156612396,0.6433351039886475,0.07614832371473312,0.31582561135292053,0.5936861038208008,0.61670982837677,0.2607763707637787,0.41239604353904724,0.43764856457710266,0.6812657713890076,-0.04553718492388725,0.9987694025039673,0.5680800676345825,0.6705991625785828,0.04528138414025307,0.9981055855751038,0.43568509817123413,0.7880315780639648,0.15388846397399902,0.47599878907203674,0.5635467171669006,0.7953453063964844,0.28394415974617004,0.4679059088230133,0.4562009572982788,0.9078497886657715,0.3810591995716095,0.35833877325057983,0.5999999046325684,0.9197127223014832,0.4730595052242279,0.4160803556442261,0.46810656785964966,0.9338465332984924,0.4056013822555542,0.48993170261383057,0.5977569222450256,0.9445909261703491,0.4944574236869812,0.5704692602157593,0.4430775046348572,0.906915545463562,0.41208818554878235,0.21825623512268066,0.6299474835395813,0.9282516837120056,0.48947402834892273,0.20503424108028412
0.48346513509750366,0.4404245913028717,0.4075721502304077,0.9977283477783203,0.4724029302597046,0.43060359358787537,0.3404611051082611,0.9983867406845093,0.46445560455322266,0.4310188889503479,0.34036609530448914,0.9985118508338928,0.4565642476081848,0.43147599697113037,0.34032946825027466,0.9983904361724854,0.4946991205215454,0.4301091432571411,0.3437369763851166,0.9974494576454163,0.502091646194458,0.43016162514686584,0.34387826919555664,0.9971714019775391,0.5094096064567566,0.4301306903362274,0.34374311566352844,0.9964725375175476,0.44684022665023804,0.4369666874408722,0.1046663448214531,0.9990936517715454,0.5202485918998718,0.43435707688331604,0.12175735086202621,0.9977394938468933,0.47223711013793945,0.45011216402053833,0.33788350224494934,0.9978165626525879,0.49556371569633484,0.4500032961368561,0.3433971405029297,0.9967114329338074,0.36484256386756897,0.5033661127090454,-0.060991059988737106,0.9998589158058167,0.6106839179992676,0.49508142471313477,-0.00805588811635971,0.9994814395904541,0.24007508158683777,0.5550583004951477,-0.11295787245035172,0.9976722002029419,0.7110399007797241,0.5475935339927673,0.04207376763224602,0.9908702373504639,0.3453443944454193,0.6311209797859192,0.007063833065330982,0.6072781682014465,0.6261299848556519,0.6094307899475098,0.11411705613136292,0.6957030296325684,0.3630927801132202,0.6484854221343994,0.0020483178086578846,0.3126436471939087,0.6039981842041016,0.6263813972473145,0.12119856476783752,0.4397963583469391,0.37985092401504517,0.6450392603874207,0.01427685096859932,0.29081833362579346,0.5905139446258545,0.6235938668251038,0.12947560846805573,0.42404457926750183,0.37605413794517517,0.6382976174354553,0.013640671037137508,0.30579227209091187,0.5944163203239441,0.616006076335907,0.12114424258470535,0.407832533121109,0.437578022480011,0.6917931437492371,-0.04066508263349533,0.9987450242042542,0.5680646300315857,0.6833999156951904,0.040395740419626236,0.9979519248008728,0.43428099155426025,0.8046576380729675,0.1578742116689682,0.4989165961742401,0.568734347820282,0.8057457208633423,0.30391573905944824,0.4872289299964905,0.42948901653289795,0.9285035729408264,0.35642167925834656,0.3811676502227783,0.5960939526557922,0.9222090840339661,0.48596319556236267,0.4275747835636139,0.42515674233436584,0.9453347325325012,0.3777558207511902,0.5111484527587891,0.590770423412323,0.9438589811325073,0.5078232884407043,0.5871763825416565,0.41213059425354004,0.9277937412261963,0.3830152153968811,0.2292562872171402,0.6245182752609253,0.9350232481956482,0.5133814215660095,0.2165381759405136
0.48383629322052,0.4485015273094177,0.3670195937156677,0.9964791536331177,0.4728580415248871,0.4385772943496704,0.264940083026886,0.9974293112754822,0.4649447202682495,0.43911659717559814,0.2650880813598633,0.9977056384086609,0.4571227729320526,0.43971410393714905,0.26502639055252075,0.9975046515464783,0.49594640731811523,0.43771234154701233,0.29444044828414917,0.9958279132843018,0.503753125667572,0.4376277029514313,0.29457154870033264,0.9954338669776917,0.5113940834999084,0.4374881386756897,0.29465314745903015,0.9941570162773132,0.4482468068599701,0.44581952691078186,0.02671326883137226,0.9985947012901306,0.521410346031189,0.4422715902328491,0.04753289744257927,0.9966902732849121,0.4724867045879364,0.45882636308670044,0.2600904703140259,0.9970301985740662,0.495993971824646,0.4582709074020386,0.28588801622390747,0.9952571392059326,0.3661574125289917,0.5103736519813538,-0.11167864501476288,0.9998295903205872,0.6111754775047302,0.5037104487419128,-0.027461376041173935,0.9993882775306702,0.23806753754615784,0.5593885183334351,-0.11401331424713135,0.9975787997245789,0.7182545065879822,0.55056232213974,-0.049591220915317535,0.9906414747238159,0.34832367300987244,0.6335049867630005,-0.02399427630007267,0.5867053866386414,0.6255127191543579,0.615292489528656,0.06300139427185059,0.6965089440345764,0.37065693736076355,0.6482155919075012,-0.023784849792718887,0.2997618019580841,0.6013862490653992,0.6298747658729553,0.07676821947097778,0.44396254420280457,0.3888673782348633,0.6442293524742126,-0.018955517560243607,0.27923399209976196,0.5906528234481812,0.6282945871353149,0.07725817710161209,0.429004430770874,0.38651180267333984,0.6374146342277527,-0.019829673692584038,0.2948831617832184,0.5946477055549622,0.6218007802963257,0.06941124051809311,0.4122554063796997,0.4371853470802307,0.7013099789619446,-0.03447537496685982,0.9986974000930786,0.567810595035553,0.6922876238822937,0.03418688103556633,0.9977477192878723,0.43426811695098877,0.8102055191993713,0.17062000930309296,0.5063430070877075,0.5677666068077087,0.8071255087852478,0.3084147572517395,0.48700401186943054,0.44213730096817017,0.9199512600898743,0.3650265336036682,0.38639509677886963,0.5906117558479309,0.9172589182853699,0.4889114201068878,0.4178876280784607,0.44949212670326233,0.9419434070587158,0.38624221086502075,0.5258580446243286,0.5872926115989685,0.9389609694480896,0.5125164985656738,0.5958510637283325,0.4160621762275696,0.920598566532135,0.3935747444629669,0.23040735721588135,0.6092483997344971,0.9301462769508362,0.5315895080566406,0.21994851529598236
0.4837035834789276,0.447959303855896,0.3153505027294159,0.9959161877632141,0.4727194607257843,0.4378960132598877,0.24004267156124115,0.997044026851654,0.46486425399780273,0.4383799731731415,0.23999297618865967,0.9973871111869812,0.45708155632019043,0.438991516828537,0.23992162942886353,0.9971684813499451,0.49579089879989624,0.4371863007545471,0.24931874871253967,0.9951263666152954,0.5036607980728149,0.4370773434638977,0.24944216012954712,0.9946483373641968,0.5115092992782593,0.4369705021381378,0.24935908615589142,0.9930874705314636,0.44822657108306885,0.44624945521354675,0.024275874719023705,0.9983769059181213,0.5226877331733704,0.44250571727752686,0.032835952937603,0.9961780309677124,0.4724513292312622,0.4588429629802704,0.24187348783016205,0.9966243505477905,0.4960002899169922,0.4585385024547577,0.2509271800518036,0.9944732785224915,0.36820828914642334,0.5137447714805603,-0.10920011252164841,0.9998076558113098,0.615727424621582,0.5090712904930115,-0.05906374007463455,0.9993024468421936,0.23666910827159882,0.5649572610855103,-0.1495295763015747,0.9974128603935242,0.7252238392829895,0.5546250939369202,-0.08097246289253235,0.9898034334182739,0.3487996757030487,0.6371946930885315,-0.09056241065263748,0.5763821005821228,0.625624418258667,0.6170291900634766,0.0006608012481592596,0.690531849861145,0.3692488670349121,0.6527462005615234,-0.09876686334609985,0.293647825717926,0.5996086001396179,0.6337465047836304,0.008725536055862904,0.44094598293304443,0.3864542841911316,0.6498637795448303,-0.09292718023061752,0.27406755089759827,0.5889849066734314,0.6386774182319641,0.008563367649912834,0.4266001582145691,0.38493841886520386,0.6420712471008301,-0.08722758293151855,0.2890145182609558,0.5939269065856934,0.6251512169837952,0.005444176495075226,0.40998542308807373,0.4355499744415283,0.7050748467445374,-0.029550794512033463,0.9986585974693298,0.5678252577781677,0.6981432437896729,0.029212968423962593,0.9975713491439819,0.4290600121021271,0.8094427585601807,0.19374795258045197,0.5131748914718628,0.5656984448432922,0.8046784400939941,0.32507193088531494,0.48581191897392273,0.4432278871536255,0.9190265536308289,0.41918447613716125,0.3942703902721405,0.5880523920059204,0.9149240255355835,0.5190978646278381,0.4097133278846741,0.45299032330513,0.9432934522628784,0.445876806974411,0.5363004803657532,0.5868629813194275,0.9371412396430969,0.5425094962120056,0.6006327867507935,0.4231298863887787,0.9161650538444519,0.45754989981651306,0.23177863657474518,0.6070979237556458,0.9248868823051453,0.5689991116523743,0.22156347334384918
0.486234575510025,0.4451836347579956,0.29905325174331665,0.9954003691673279,0.4740663766860962,0.43431684374809265,0.23258721828460693,0.9967634081840515,0.4658028781414032,0.43465012311935425,0.2325000911951065,0.997155487537384,0.4577864706516266,0.4351482391357422,0.23244091868400574,0.9969275593757629,0.4985823631286621,0.434170663356781,0.23588627576828003,0.9946481585502625,0.5070013999938965,0.4342235028743744,0.23599760234355927,0.9941281080245972,0.5152026414871216,0.4342525601387024,0.23586119711399078,0.9924231767654419,0.4488106071949005,0.4438771605491638,0.030389901250600815,0.9981963634490967,0.5265846848487854,0.4407079815864563,0.03218880668282509,0.9958460330963135,0.47471585869789124,0.45678091049194336,0.23612722754478455,0.9962558746337891,0.5001468658447266,0.4573034644126892,0.2401207983493805,0.9938467741012573,0.36801356077194214,0.5128912925720215,-0.10297583043575287,0.999781608581543,0.6174091696739197,0.5095685720443726,-0.07003221660852432,0.999239444732666,0.23341591656208038,0.5693396925926208,-0.14992918074131012,0.99696946144104,0.7309616208076477,0.5593594908714294,-0.06825641542673111,0.988551676273346,0.35043957829475403,0.6398624777793884,-0.0671875849366188,0.5543209314346313,0.6308631300926208,0.618824303150177,0.041314348578453064,0.6770744323730469,0.37073105573654175,0.6575366258621216,-0.06919712573289871,0.28146880865097046,0.6036456823348999,0.6373627185821533,0.0630333200097084,0.4323415160179138,0.3883514702320099,0.6548193097114563,-0.06070518121123314,0.26297858357429504,0.5947898030281067,0.6381128430366516,0.06329189985990524,0.41859424114227295,0.3865009546279907,0.6471692323684692,-0.06170092895627022,0.27737581729888916,0.6004960536956787,0.6290633678436279,0.04813825711607933,0.4027574062347412,0.43592706322669983,0.7004814743995667,-0.030003486201167107,0.9985577464103699,0.5680810809135437,0.6946249008178711,0.029653161764144897,0.9973208904266357,0.4291923940181732,0.8079801797866821,0.12432010471820831,0.5237588882446289,0.5688114166259766,0.8024739623069763,0.2885406017303467,0.4804270565509796,0.44527730345726013,0.9196107387542725,0.2861453890800476,0.40376022458076477,0.5878693461418152,0.9173673987388611,0.4346252381801605,0.3979267477989197,0.45490220189094543,0.9451212882995605,0.30393415689468384,0.5475009083747864,0.5877370834350586,0.9409036040306091,0.45475807785987854,0.5997847318649292,0.42676427960395813,0.9145157337188721,0.31027013063430786,0.23434969782829285,0.6058886647224426,0.925657331943512,0.4755641520023346,0.22009021043777466
0.487461656332016,0.4431934058666229,0.29475271701812744,0.9946689605712891,0.47507932782173157,0.4318099021911621,0.22887811064720154,0.9962702989578247,0.46667909622192383,0.4321250915527344,0.22877822816371918,0.9967441558837891,0.45855769515037537,0.43260854482650757,0.22872041165828705,0.9964858889579773,0.5006837844848633,0.4315657913684845,0.2319980263710022,0.9938355088233948,0.509600043296814,0.43156081438064575,0.23210492730140686,0.9932662844657898,0.5182980895042419,0.43154051899909973,0.2319464534521103,0.9913626909255981,0.4497132897377014,0.44160521030426025,0.016905946657061577,0.997859001159668,0.5308306217193604,0.43814951181411743,0.0291398074477911,0.9952643513679504,0.47603195905685425,0.45473068952560425,0.2322852909564972,0.9956526756286621,0.5026354193687439,0.45529696345329285,0.23750150203704834,0.9929226636886597,0.36816632747650146,0.5113340020179749,-0.11222930997610092,0.9997438192367554,0.6259230971336365,0.5085160136222839,-0.07882954925298691,0.9991609454154968,0.2318921834230423,0.5711196660995483,-0.14851132035255432,0.9965118169784546,0.7405505776405334,0.5637763738632202,-0.06358552724123001,0.9875805377960205,0.3498954176902771,0.6391254663467407,-0.037478383630514145,0.5339475274085999,0.6331349611282349,0.6222847104072571,0.05675195902585983,0.6661189794540405,0.3713439702987671,0.6569039225578308,-0.03455636277794838,0.27060291171073914,0.6042864918708801,0.6423738598823547,0.0968327447772026,0.4250043034553528,0.3879421651363373,0.6547694206237793,-0.028860272839665413,0.25311994552612305,0.5963121652603149,0.6405330896377563,0.08910000324249268,0.41200199723243713,0.3856916129589081,0.6464682817459106,-0.03233354538679123,0.2667551040649414,0.602333128452301,0.6327201128005981,0.05553014948964119,0.3976542353630066,0.43593326210975647,0.7050380706787109,-0.030282143503427505,0.99845290184021,0.5692793726921082,0.6988105773925781,0.029916970059275627,0.9970950484275818,0.4306178689002991,0.8108031749725342,0.1540444791316986,0.5289919376373291,0.5687450766563416,0.8069430589675903,0.30185189843177795,0.47382235527038574,0.44883307814598083,0.9219016432762146,0.36215266585350037,0.41332390904426575,0.5899071097373962,0.9204307198524475,0.48907285928726196,0.3882101774215698,0.4617772102355957,0.9464832544326782,0.38435614109039307,0.5601577162742615,0.5915725827217102,0.9434344172477722,0.513323962688446,0.6022612452507019,0.4287411570549011,0.9194003343582153,0.39437317848205566,0.23749502003192902,0.6042991876602173,0.9300432205200195,0.5266749858856201,0.22053593397140503
0.48744258284568787,0.4417632222175598,0.30192703008651733,0.9945777654647827,0.4749458432197571,0.43034297227859497,0.23510831594467163,0.996229887008667,0.46657535433769226,0.4306176006793976,0.23500531911849976,0.9967337250709534,0.45851925015449524,0.4310676157474518,0.2349449098110199,0.9964761734008789,0.5006462335586548,0.4300713837146759,0.23808148503303528,0.9937389492988586,0.5097076296806335,0.4300352931022644,0.2382005900144577,0.9931865334510803,0.518613338470459,0.4300180673599243,0.23805353045463562,0.9912281632423401,0.44963687658309937,0.4395313262939453,0.015203788876533508,0.9978256225585938,0.5326694846153259,0.4365701377391815,0.03114033304154873,0.9952089786529541,0.4761980175971985,0.4528971314430237,0.23817752301692963,0.9955577254295349,0.5035334229469299,0.45366278290748596,0.24401696026325226,0.9927414059638977,0.36807963252067566,0.5115111470222473,-0.1102539598941803,0.9997416138648987,0.6314562559127808,0.508043110370636,-0.080588199198246,0.9991425275802612,0.22997361421585083,0.5710641741752625,-0.13021014630794525,0.996448814868927,0.7485911846160889,0.5681370496749878,-0.01842845045030117,0.9873942732810974,0.35078927874565125,0.6375867128372192,-0.012101595290005207,0.5305436849594116,0.6370917558670044,0.6221123933792114,0.1995086520910263,0.6615975499153137,0.3713781237602234,0.6558171510696411,-0.008354450576007366,0.2705170512199402,0.6067574620246887,0.6413773894309998,0.23116357624530792,0.4213612973690033,0.38769087195396423,0.6530526876449585,-0.003096891101449728,0.2535698711872101,0.5994676351547241,0.6389153599739075,0.2353171408176422,0.40892598032951355,0.3858588933944702,0.6445644497871399,-0.006587393116205931,0.26588520407676697,0.6054399609565735,0.6316184401512146,0.20970316231250763,0.39590877294540405,0.4370192587375641,0.7080570459365845,-0.023759957402944565,0.9984789490699768,0.5704555511474609,0.7039934396743774,0.02324269898235798,0.9971064925193787,0.430695503950119,0.8123478889465332,0.23530131578445435,0.5324710607528687,0.5712520480155945,0.806032121181488,0.349761962890625,0.47330471873283386,0.43063661456108093,0.9231090545654297,0.4745214283466339,0.41915178298950195,0.5923413634300232,0.9212114214897156,0.5798666477203369,0.3817974627017975,0.46190565824508667,0.9497876763343811,0.5018079280853271,0.5689082741737366,0.5937994122505188,0.9444046020507812,0.6112798452377319,0.6072270274162292,0.4304627478122711,0.917997419834137,0.5345054268836975,0.23937314748764038,0.6059044003486633,0.9288058876991272,0.6595426201820374,0.22205588221549988
0.48881641030311584,0.4428456127643585,0.2983022630214691,0.9946469068527222,0.4762740135192871,0.43132373690605164,0.23199476301670074,0.9962843656539917,0.46779781579971313,0.43144387006759644,0.23189464211463928,0.9967948198318481,0.45953747630119324,0.43174389004707336,0.23182561993598938,0.9965534210205078,0.501946210861206,0.431094765663147,0.23487716913223267,0.9938323497772217,0.5110136866569519,0.4309326410293579,0.23500105738639832,0.993304967880249,0.5199381113052368,0.43078023195266724,0.2348487675189972,0.9914183616638184,0.4507487416267395,0.43979087471961975,0.011700506322085857,0.997835636138916,0.5339269042015076,0.43708309531211853,0.028355401009321213,0.9953047037124634,0.47768113017082214,0.4534054100513458,0.2347368597984314,0.9955799579620361,0.504967987537384,0.454410195350647,0.2405662089586258,0.9927606582641602,0.3695841431617737,0.5105724334716797,-0.10944020748138428,0.9997453093528748,0.6341726183891296,0.5067262649536133,-0.08664842694997787,0.9991763830184937,0.22744065523147583,0.5721868276596069,-0.10258478671312332,0.9962277412414551,0.7526801228523254,0.5713632106781006,-0.0004233787185512483,0.9879160523414612,0.35217344760894775,0.6373530626296997,0.03696070611476898,0.5165799856185913,0.6391078233718872,0.6249069571495056,0.23868761956691742,0.6703131794929504,0.37338006496429443,0.6557129621505737,0.05429186299443245,0.2638873755931854,0.6097642183303833,0.6424819827079773,0.270307332277298,0.4307076632976532,0.390121728181839,0.6517282724380493,0.05261663347482681,0.2476791888475418,0.6026551723480225,0.6388692259788513,0.2797185480594635,0.4186323583126068,0.3877761662006378,0.6433420777320862,0.041483450680971146,0.2591056525707245,0.6084409356117249,0.6318951845169067,0.25195831060409546,0.40577101707458496,0.4375467300415039,0.7071481347084045,-0.021389979869127274,0.9985432624816895,0.5699999928474426,0.703684389591217,0.020745158195495605,0.9972174167633057,0.43074390292167664,0.8082731366157532,0.23850086331367493,0.5340562462806702,0.5710670948028564,0.8039530515670776,0.36386752128601074,0.47446107864379883,0.4322487413883209,0.9222673773765564,0.471279501914978,0.42409634590148926,0.5938102602958679,0.9185875654220581,0.5889039635658264,0.3746788799762726,0.46221020817756653,0.9491591453552246,0.4983185827732086,0.5780421495437622,0.5959510207176208,0.9419461488723755,0.6201207637786865,0.6122730374336243,0.4305572807788849,0.9158307313919067,0.5357450246810913,0.24340441823005676,0.6052408218383789,0.9259284734725952,0.6820074319839478,0.22501805424690247
0.48914748430252075,0.4433963894844055,0.2688181400299072,0.9946839809417725,0.47665950655937195,0.4319186508655548,0.20397844910621643,0.9962999224662781,0.4683453142642975,0.432119756937027,0.20386236906051636,0.9968103766441345,0.46010902523994446,0.43249422311782837,0.20378057658672333,0.9965879917144775,0.5018542408943176,0.4316069185733795,0.2055102288722992,0.9939008355140686,0.510787844657898,0.4314793348312378,0.20563890039920807,0.9933871626853943,0.5196822881698608,0.43135714530944824,0.20547446608543396,0.9916037917137146,0.45134639739990234,0.44117268919944763,-0.005614344030618668,0.9978267550468445,0.5343787670135498,0.43841251730918884,0.005736160557717085,0.9954017400741577,0.47852376103401184,0.4544042944908142,0.20942461490631104,0.9955801367759705,0.5050512552261353,0.45541298389434814,0.21385332942008972,0.9928379654884338,0.36981600522994995,0.5131487846374512,-0.11713267862796783,0.9997437596321106,0.6379444599151611,0.5100727677345276,-0.12080920487642288,0.9992058873176575,0.22615206241607666,0.5756078958511353,-0.09736745059490204,0.9958543181419373,0.7556257843971252,0.5747294425964355,-0.009736192412674427,0.9883424043655396,0.3578997850418091,0.636874794960022,0.06658653169870377,0.49432510137557983,0.6411354541778564,0.6249983906745911,0.22529767453670502,0.6705584526062012,0.3815898001194,0.6540930271148682,0.08398015797138214,0.2526351809501648,0.6147371530532837,0.641451895236969,0.25702908635139465,0.4308607280254364,0.3981577754020691,0.648837685585022,0.0848095640540123,0.23738501965999603,0.6088855266571045,0.6378737688064575,0.26406437158584595,0.4194481074810028,0.3943618834018707,0.6413838267326355,0.07255975902080536,0.2484099268913269,0.6135085821151733,0.6312828063964844,0.23775877058506012,0.40723714232444763,0.4375554919242859,0.7131741046905518,-0.01791347563266754,0.9985857009887695,0.5699140429496765,0.7101660966873169,0.01720486208796501,0.9973060488700867,0.4310026466846466,0.814494252204895,0.2605820298194885,0.5278487801551819,0.5710140466690063,0.8069297671318054,0.37473276257514954,0.4689854085445404,0.44095849990844727,0.9261102080345154,0.5015522837638855,0.4223223626613617,0.5935757756233215,0.9197064638137817,0.6258814334869385,0.36240389943122864,0.4642074704170227,0.9517006278038025,0.52942955493927,0.5807921886444092,0.5932725667953491,0.9394976496696472,0.6597980856895447,0.6111957430839539,0.434752494096756,0.9196642637252808,0.5677627325057983,0.24219222366809845,0.6044902205467224,0.927668035030365,0.7240453958511353,0.22293221950531006
0.48933327198028564,0.442922979593277,0.2693096697330475,0.9948461651802063,0.4771248400211334,0.43126022815704346,0.2021481990814209,0.9964356422424316,0.4691256582736969,0.43155306577682495,0.2020362764596939,0.9969303011894226,0.4610823392868042,0.43200910091400146,0.2019309401512146,0.9967382550239563,0.5018596053123474,0.43075621128082275,0.20573535561561584,0.9941360354423523,0.5107409954071045,0.4306192696094513,0.2058703601360321,0.9936345815658569,0.5198144912719727,0.4305146634578705,0.20571458339691162,0.9919642210006714,0.452364057302475,0.4411852955818176,-0.020532306283712387,0.9979085922241211,0.5362889766693115,0.43805456161499023,0.005667831748723984,0.9955634474754333,0.47938087582588196,0.45439282059669495,0.20744484663009644,0.9957271814346313,0.5053157210350037,0.45527487993240356,0.21416816115379333,0.9930723309516907,0.3736535608768463,0.516639769077301,-0.1205943301320076,0.9997468590736389,0.6388845443725586,0.512743353843689,-0.11905166506767273,0.9992233514785767,0.22638797760009766,0.581016480922699,-0.07919125258922577,0.9954015612602234,0.7579892873764038,0.5798628926277161,0.02294911816716194,0.9882808923721313,0.35688549280166626,0.6363565325737,0.13945496082305908,0.4753153920173645,0.6435707211494446,0.6240635514259338,0.30439746379852295,0.6622219085693359,0.3802288770675659,0.6510466933250427,0.16360636055469513,0.2435406595468521,0.6164884567260742,0.6404218673706055,0.34061458706855774,0.424635648727417,0.39695030450820923,0.6453351974487305,0.16464471817016602,0.22893598675727844,0.6101955771446228,0.6374151110649109,0.3430410623550415,0.4136967062950134,0.39298325777053833,0.639244019985199,0.147255539894104,0.2388424128293991,0.6153450608253479,0.6303415298461914,0.3148297369480133,0.40251731872558594,0.43774914741516113,0.7130955457687378,-0.012814881280064583,0.9986699819564819,0.5698889493942261,0.7106831073760986,0.012007532641291618,0.9974290132522583,0.4308823347091675,0.8117843866348267,0.29884472489356995,0.536522388458252,0.5716201066970825,0.8054238557815552,0.4107342064380646,0.4788746237754822,0.4424491822719574,0.9251906871795654,0.5714719295501709,0.43337464332580566,0.5940189957618713,0.9205633401870728,0.6906793117523193,0.35860151052474976,0.46225449442863464,0.9525553584098816,0.6039313673973083,0.5907268524169922,0.5927069783210754,0.9401981234550476,0.7284836173057556,0.6160458922386169,0.43537378311157227,0.9165624380111694,0.6523367762565613,0.2503049075603485,0.6067163348197937,0.9261331558227539,0.8028623461723328,0.22612598538398743
0.48943090438842773,0.4438457787036896,0.2774192690849304,0.9948742985725403,0.4775598347187042,0.43230167031288147,0.20287957787513733,0.9965062737464905,0.4698702096939087,0.43276140093803406,0.2027667760848999,0.9969823360443115,0.46203166246414185,0.4334068298339844,0.20261205732822418,0.9968345761299133,0.5019545555114746,0.43167775869369507,0.20954076945781708,0.9942991137504578,0.5108833312988281,0.43165504932403564,0.2097143679857254,0.9937583208084106,0.5202754139900208,0.4317440986633301,0.2095557004213333,0.992193341255188,0.45335838198661804,0.4437670409679413,-0.033379681408405304,0.9979511499404907,0.5374319553375244,0.44027236104011536,0.005182560067623854,0.995579719543457,0.47960329055786133,0.4559303820133209,0.20887121558189392,0.9956740736961365,0.5056401491165161,0.45662540197372437,0.2199527472257614,0.9930465221405029,0.373344749212265,0.5214133858680725,-0.13463599979877472,0.9997280240058899,0.6453025341033936,0.5199685096740723,-0.11755754798650742,0.9991737604141235,0.22648683190345764,0.5924764275550842,-0.03346189111471176,0.9937106370925903,0.7591621279716492,0.5907343626022339,0.051811154931783676,0.985895037651062,0.3580503463745117,0.6344497203826904,0.2728559672832489,0.4466056525707245,0.6437830328941345,0.6264195442199707,0.33616599440574646,0.6300550699234009,0.38441047072410583,0.6451212763786316,0.3048885762691498,0.22968876361846924,0.6163913607597351,0.6425132155418396,0.3715566396713257,0.4020186960697174,0.3992995023727417,0.6395982503890991,0.30361777544021606,0.2160765379667282,0.6096616983413696,0.6379373073577881,0.3671204447746277,0.3921543061733246,0.3940390646457672,0.6351495981216431,0.28235453367233276,0.22565768659114838,0.6148016452789307,0.6313042044639587,0.34334230422973633,0.3824630081653595,0.43754929304122925,0.7219076156616211,-0.00740173552185297,0.9986563324928284,0.5710341334342957,0.719954788684845,0.006746979895979166,0.9974120259284973,0.42995211482048035,0.8108811378479004,0.37617722153663635,0.5331669449806213,0.57253497838974,0.809581458568573,0.45239129662513733,0.4767606556415558,0.43348532915115356,0.9234269261360168,0.7202074527740479,0.4248720407485962,0.5934591889381409,0.91944819688797,0.7850942015647888,0.34937846660614014,0.4461565315723419,0.9512160420417786,0.7600966095924377,0.5773253440856934,0.592523992061615,0.9406097531318665,0.8279229402542114,0.6077916622161865,0.42594295740127563,0.9150864481925964,0.8209717273712158,0.24202392995357513,0.6175306439399719,0.9245955348014832,0.9006779193878174,0.2203293740749359
0.4899175763130188,0.44446906447410583,0.2624112665653229,0.995053231716156,0.47860124707221985,0.43244850635528564,0.18150530755519867,0.9966462254524231,0.47120019793510437,0.43293723464012146,0.18139240145683289,0.9970858097076416,0.4636146128177643,0.4336307644844055,0.18119782209396362,0.9969716668128967,0.5023238658905029,0.43173733353614807,0.1920648068189621,0.9946013689041138,0.5110809803009033,0.4316806495189667,0.19219344854354858,0.9940664768218994,0.52048259973526,0.4317505359649658,0.19200845062732697,0.9926481246948242,0.4550294876098633,0.44427716732025146,-0.07302092015743256,0.9980146884918213,0.5378278493881226,0.4406895935535431,-0.02028120867908001,0.995746910572052,0.4803352653980255,0.457130491733551,0.188925638794899,0.9957002401351929,0.5062261819839478,0.4576396346092224,0.20455028116703033,0.9931600093841553,0.37289395928382874,0.5243852138519287,-0.17777663469314575,0.9997022747993469,0.6510013937950134,0.5232786536216736,-0.12414529174566269,0.9991498589515686,0.22657595574855804,0.6032675504684448,0.004180660471320152,0.9921750426292419,0.7575527429580688,0.6011243462562561,0.09719463437795639,0.9822219610214233,0.35716867446899414,0.6318838596343994,0.4090174734592438,0.4177262783050537,0.6436576843261719,0.6296796798706055,0.4706644117832184,0.591512143611908,0.38199537992477417,0.6375869512557983,0.4557017385959625,0.21580566465854645,0.6145483255386353,0.6442519426345825,0.5202547907829285,0.3765418231487274,0.39836305379867554,0.6327718496322632,0.45170482993125916,0.20323054492473602,0.605549156665802,0.6390718221664429,0.512014627456665,0.36791107058525085,0.3938576281070709,0.6307151913642883,0.4200800359249115,0.21276982128620148,0.612019956111908,0.6332099437713623,0.4779699444770813,0.36015018820762634,0.43706244230270386,0.7322587966918945,-0.009405214339494705,0.9985906481742859,0.5710487365722656,0.7310522198677063,0.00877354945987463,0.9973645210266113,0.4291549026966095,0.8137667775154114,0.3903806805610657,0.516999363899231,0.573016881942749,0.8136512041091919,0.47719040513038635,0.4641050398349762,0.42798614501953125,0.9276989102363586,0.7222894430160522,0.40520593523979187,0.5930810570716858,0.9209099411964417,0.7986921072006226,0.33319127559661865,0.44050899147987366,0.9558054208755493,0.7620708346366882,0.5546104907989502,0.5920953750610352,0.9431829452514648,0.8407186269760132,0.5910168290138245,0.4141761064529419,0.918076753616333,0.8362611532211304,0.22959543764591217,0.6184195280075073,0.9279918074607849,0.9262427687644958,0.21093854308128357
0.4910820424556732,0.44467392563819885,0.2406286895275116,0.9951958060264587,0.47976985573768616,0.4325103759765625,0.15713869035243988,0.996793270111084,0.47237250208854675,0.4331105053424835,0.15701211988925934,0.9971826672554016,0.4647885859012604,0.4338763654232025,0.15678928792476654,0.997094988822937,0.5038323998451233,0.4314870536327362,0.16744235157966614,0.9949167370796204,0.5126856565475464,0.4313608407974243,0.1675005406141281,0.9943934679031372,0.5223702192306519,0.43137091398239136,0.16731706261634827,0.9931334853172302,0.456086665391922,0.4446107745170593,-0.10932936519384384,0.9980690479278564,0.5393335819244385,0.44037413597106934,-0.0610208734869957,0.9959498047828674,0.48136577010154724,0.45781537890434265,0.16300445795059204,0.99567049741745,0.5082530975341797,0.4580623507499695,0.17808400094509125,0.993309736251831,0.3708574175834656,0.5294206738471985,-0.21306824684143066,0.9996331334114075,0.654747724533081,0.5272533893585205,-0.1502271145582199,0.9991307854652405,0.23788248002529144,0.6190359592437744,-0.023447034880518913,0.987623393535614,0.7556478977203369,0.6115511655807495,0.07116753607988358,0.9723920822143555,0.3490007221698761,0.6262724995613098,0.35701704025268555,0.3864121437072754,0.6433160305023193,0.6290034055709839,0.388274610042572,0.5499675869941711,0.36860108375549316,0.6234340667724609,0.3997440040111542,0.20142768323421478,0.6141868233680725,0.6413187980651855,0.4351196885108948,0.35135287046432495,0.3873811364173889,0.6157816648483276,0.40426525473594666,0.19000962376594543,0.6046300530433655,0.6375039219856262,0.42536234855651855,0.3439090847969055,0.3849494755268097,0.6180630326271057,0.37143105268478394,0.1992078423500061,0.611571192741394,0.6326692700386047,0.3942568898200989,0.3371342420578003,0.43340983986854553,0.7398045659065247,-0.009921442717313766,0.9985758066177368,0.5712664723396301,0.7401224374771118,0.009362981654703617,0.9973852634429932,0.40180012583732605,0.8132233023643494,0.5194050073623657,0.49164626002311707,0.5746835470199585,0.8205229640007019,0.6008594036102295,0.4303341209888458,0.4182266592979431,0.9242739081382751,0.6924084424972534,0.3876201808452606,0.5984709858894348,0.9196962118148804,0.7750303745269775,0.313996285200119,0.43213459849357605,0.9500961303710938,0.7180663347244263,0.5378404259681702,0.5917859077453613,0.9340241551399231,0.8041233420372009,0.5696019530296326,0.4110395014286041,0.9032773971557617,0.7981799840927124,0.22132933139801025,0.618828535079956,0.926782488822937,0.8918670415878296,0.20231802761554718
0.4922618567943573,0.4469049870967865,0.17217795550823212,0.9954293370246887,0.4806971549987793,0.43436551094055176,0.08917740732431412,0.9969744682312012,0.4731844663619995,0.43495821952819824,0.08903736621141434,0.9973173141479492,0.46547165513038635,0.4356977641582489,0.08882072567939758,0.9972466230392456,0.5053916573524475,0.4331461787223816,0.09488599747419357,0.9952534437179565,0.5144837498664856,0.4329243302345276,0.09494475275278091,0.9947486519813538,0.5245029926300049,0.43283718824386597,0.0947241559624672,0.9936182498931885,0.4569278955459595,0.44640305638313293,-0.16774868965148926,0.998147189617157,0.5408918857574463,0.4423568546772003,-0.14135567843914032,0.9961848855018616,0.48239806294441223,0.4602890610694885,0.09833521395921707,0.9958349466323853,0.5100250244140625,0.46069759130477905,0.10717202723026276,0.9936867356300354,0.36782076954841614,0.5330418944358826,-0.24877363443374634,0.9995723962783813,0.6548300981521606,0.5305127501487732,-0.22925971448421478,0.9991037845611572,0.25618720054626465,0.633493959903717,-0.03819127753376961,0.9773421883583069,0.747559666633606,0.6221318244934082,0.02886645868420601,0.9522712230682373,0.3508624732494354,0.6256301403045654,0.28511685132980347,0.3549751043319702,0.6354888677597046,0.6284551024436951,0.3602607548236847,0.5044194459915161,0.37010782957077026,0.6248860955238342,0.31992560625076294,0.18712936341762543,0.6038067936897278,0.6358097791671753,0.40997177362442017,0.32412391901016235,0.3964076638221741,0.616597056388855,0.3220929801464081,0.17684593796730042,0.5906520485877991,0.6334063410758972,0.3963395357131958,0.31768617033958435,0.3902248740196228,0.6172517538070679,0.2965865433216095,0.18561775982379913,0.5974661111831665,0.6311076879501343,0.3651457726955414,0.3120616376399994,0.43014290928840637,0.7487403750419617,-0.0037542448844760656,0.9986108541488647,0.5710973739624023,0.7488716244697571,0.0031065980438143015,0.9974688291549683,0.39582425355911255,0.8111612200737,0.5800698399543762,0.46693000197410583,0.5801007747650146,0.821520984172821,0.6286126375198364,0.4001622498035431,0.41196683049201965,0.922835648059845,0.7690336108207703,0.3731728792190552,0.5981945991516113,0.9187902808189392,0.8478389382362366,0.297706663608551,0.42396336793899536,0.9468219876289368,0.7958783507347107,0.5245575904846191,0.5916277170181274,0.9361395835876465,0.8806266188621521,0.5516325831413269,0.4049976170063019,0.908287763595581,0.8809870481491089,0.2135152816772461,0.6175821423530579,0.9256528615951538,0.9692466855049133,0.19393493235111237
0.4925128221511841,0.45113545656204224,0.12133504450321198,0.9957603216171265,0.48072704672813416,0.4377176761627197,0.03820861503481865,0.9971920251846313,0.47312477231025696,0.43814772367477417,0.0380253940820694,0.997492253780365,0.4653654098510742,0.43873459100723267,0.03784167021512985,0.9974299669265747,0.5057982802391052,0.4362720549106598,0.0445496067404747,0.9956217408180237,0.5149970650672913,0.4357905387878418,0.04458979517221451,0.9951556324958801,0.5251350998878479,0.43544673919677734,0.04433334991335869,0.9941323399543762,0.45684587955474854,0.44848552346229553,-0.20368750393390656,0.9982609748840332,0.5413175225257874,0.4447331428527832,-0.17682084441184998,0.9964819550514221,0.4824369549751282,0.4644176959991455,0.05279163643717766,0.9961417317390442,0.5104606747627258,0.4650563895702362,0.06159321218729019,0.9942066669464111,0.3659191429615021,0.5378360748291016,-0.269483745098114,0.9995571374893188,0.6559335589408875,0.5340466499328613,-0.24745972454547882,0.9990943074226379,0.27977168560028076,0.647107720375061,-0.11955781280994415,0.9737316370010376,0.7329331040382385,0.6329740881919861,-0.01507111918181181,0.9248140454292297,0.351056307554245,0.619604766368866,0.17932376265525818,0.3410535156726837,0.6260379552841187,0.6278964877128601,0.3347281813621521,0.4596087336540222,0.3604690432548523,0.6044295430183411,0.2077227532863617,0.1863664984703064,0.5964298844337463,0.6299002170562744,0.38394930958747864,0.2969299256801605,0.3957909345626831,0.5939163565635681,0.2386171519756317,0.17643462121486664,0.58320152759552,0.6283547878265381,0.3705748915672302,0.29100504517555237,0.39017024636268616,0.5965108275413513,0.2000659853219986,0.1833251714706421,0.5889146327972412,0.627771258354187,0.34021130204200745,0.2865685224533081,0.4245763421058655,0.7596968412399292,-0.002325132256373763,0.9987163543701172,0.5715780258178711,0.7572776675224304,0.001691464800387621,0.9976268410682678,0.39757564663887024,0.810843288898468,0.6095898747444153,0.4564121961593628,0.5810478925704956,0.8180945515632629,0.6753201484680176,0.3782011568546295,0.4097200334072113,0.921659529209137,0.7947961091995239,0.3817553222179413,0.5955470204353333,0.9053758382797241,0.9294028282165527,0.29280924797058105,0.42073166370391846,0.9430882334709167,0.8214316964149475,0.5342976450920105,0.5909653902053833,0.9214704632759094,0.9651686549186707,0.5485539436340332,0.4089530110359192,0.9030800461769104,0.895771861076355,0.21806387603282928,0.6058418154716492,0.9129931926727295,1.0509769916534424,0.1913369596004486
0.49460020661354065,0.45196887850761414,0.07258627563714981,0.9960489273071289,0.48200181126594543,0.4387516379356384,-0.012609962373971939,0.9973762035369873,0.4738485515117645,0.4392383396625519,-0.012763054110109806,0.9976413249969482,0.46571654081344604,0.43982234597206116,-0.012934610247612,0.9975853562355042,0.5083765387535095,0.43706241250038147,-0.007512097246944904,0.9959340691566467,0.5176124572753906,0.436493843793869,-0.007492848206311464,0.9954994320869446,0.5276827216148376,0.4360656440258026,-0.007749051321297884,0.9945752620697021,0.4568193852901459,0.4495042860507965,-0.24710582196712494,0.9983635544776917,0.5429282784461975,0.4452456533908844,-0.22707441449165344,0.9967401623725891,0.4833705425262451,0.4651539623737335,0.008018067106604576,0.9964281916618347,0.5126848220825195,0.4654913544654846,0.014667806215584278,0.9946752190589905,0.3607081472873688,0.5399168729782104,-0.3077034056186676,0.9995102882385254,0.6572383046150208,0.5370485186576843,-0.27786320447921753,0.9990629553794861,0.29012352228164673,0.6556315422058105,-0.11389114707708359,0.9599440097808838,0.713757336139679,0.6441733837127686,-0.024432150647044182,0.8988312482833862,0.3664005696773529,0.6203761696815491,0.2402043640613556,0.3139932453632355,0.6108703017234802,0.6261240243911743,0.3432008624076843,0.4186994433403015,0.36992350220680237,0.6131949424743652,0.27480217814445496,0.17526374757289886,0.5976671576499939,0.6198696494102478,0.38996273279190063,0.27303561568260193,0.410982221364975,0.6042051315307617,0.2793443202972412,0.16618843376636505,0.5747073888778687,0.6141261458396912,0.37370774149894714,0.26763349771499634,0.4116578698158264,0.6048176288604736,0.25248923897743225,0.1729067713022232,0.5741157531738281,0.6147832274436951,0.3462259769439697,0.2639053463935852,0.4221441447734833,0.7679488062858582,-0.002656458178535104,0.9987449049949646,0.5732864737510681,0.7623516321182251,0.001993441954255104,0.9976845979690552,0.40114516019821167,0.8064433932304382,0.5588043332099915,0.44357165694236755,0.5808894634246826,0.8190810680389404,0.6133698225021362,0.371096134185791,0.41246315836906433,0.9208880066871643,0.9079449772834778,0.388112872838974,0.595146119594574,0.9091687202453613,0.9892086982727051,0.29658928513526917,0.42514291405677795,0.9430781006813049,0.9536029100418091,0.5460056662559509,0.5907493233680725,0.9278128743171692,1.0381377935409546,0.5530917048454285,0.4091859459877014,0.9073887467384338,1.057577133178711,0.2198461890220642,0.59783935546875,0.915035605430603,1.1376168727874756,0.18974745273590088
0.4950830638408661,0.4535790979862213,0.036411408334970474,0.9963081479072571,0.48251742124557495,0.44054216146469116,-0.04272836819291115,0.9975443482398987,0.4742324948310852,0.4410947561264038,-0.042868275195360184,0.9977707266807556,0.4659360647201538,0.4417310655117035,-0.043089140206575394,0.9977253675460815,0.5090526938438416,0.4384010136127472,-0.0431765541434288,0.996223509311676,0.5181439518928528,0.4376319646835327,-0.043155234307050705,0.9958157539367676,0.5280234813690186,0.4370482265949249,-0.043397679924964905,0.9949949383735657,0.4567585289478302,0.45127320289611816,-0.25737419724464417,0.9984591007232666,0.5434626340866089,0.446075975894928,-0.26194071769714355,0.9969968795776367,0.4836370348930359,0.4664131700992584,-0.02063029818236828,0.9966956973075867,0.5131312012672424,0.46638086438179016,-0.021190382540225983,0.9951156377792358,0.35602059960365295,0.5426268577575684,-0.2961934506893158,0.9994610548019409,0.6568436622619629,0.5375114679336548,-0.30443575978279114,0.9990495443344116,0.31141096353530884,0.6638189554214478,-0.10915134847164154,0.9368512034416199,0.6993893384933472,0.652920663356781,-0.0514589324593544,0.8765390515327454,0.37277114391326904,0.6275178790092468,0.2562970221042633,0.28754547238349915,0.6033458709716797,0.6323806643486023,0.3326256275177002,0.3822639584541321,0.3738323152065277,0.618651270866394,0.29244065284729004,0.1633787602186203,0.5963184833526611,0.626005232334137,0.37842854857444763,0.2521301209926605,0.41452014446258545,0.6068373918533325,0.3013575077056885,0.1551218181848526,0.5691463947296143,0.6155760288238525,0.36399027705192566,0.2472439408302307,0.4178020656108856,0.6072742342948914,0.26961153745651245,0.16152529418468475,0.5663213133811951,0.6184224486351013,0.33663496375083923,0.2439715564250946,0.421430766582489,0.7731301188468933,-0.004272350110113621,0.9986825585365295,0.574874758720398,0.7669067978858948,0.004084042273461819,0.9975298047065735,0.3982824683189392,0.8155918121337891,0.5331917405128479,0.4383372962474823,0.580635666847229,0.825956404209137,0.5806436538696289,0.357512503862381,0.4139343202114105,0.922558605670929,0.9176145195960999,0.3836667835712433,0.5950307846069336,0.9129071831703186,1.0014005899429321,0.2851289212703705,0.4279719293117523,0.9450731873512268,0.965712308883667,0.5445561408996582,0.5891002416610718,0.9306201934814453,1.054470419883728,0.5395843386650085,0.4107917845249176,0.9115587472915649,1.0658587217330933,0.21322625875473022,0.5888106226921082,0.9165411591529846,1.1515473127365112,0.1804903745651245
0.49506089091300964,0.45452243089675903,0.033517658710479736,0.9965586066246033,0.48250848054885864,0.44195467233657837,-0.04476739093661308,0.9976906776428223,0.47420334815979004,0.4425182342529297,-0.04491235315799713,0.9978885650634766,0.4658898711204529,0.4431799650192261,-0.045134954154491425,0.9978492259979248,0.5090115666389465,0.4397478997707367,-0.04619462043046951,0.9964760541915894,0.5180573463439941,0.4389441907405853,-0.04618721455335617,0.9960952401161194,0.5278540253639221,0.438319593667984,-0.04647079482674599,0.9953653216362,0.4566011428833008,0.4526902139186859,-0.26252609491348267,0.9985364675521851,0.5435380339622498,0.44718724489212036,-0.2717542350292206,0.9972311854362488,0.4835923910140991,0.4670810103416443,-0.02398977242410183,0.996940553188324,0.5130379796028137,0.46674463152885437,-0.02579560875892639,0.9955165982246399,0.3539406657218933,0.5437065362930298,-0.31457778811454773,0.9994397163391113,0.6561327576637268,0.5372897386550903,-0.3104574978351593,0.9990723729133606,0.323464959859848,0.6697994470596313,-0.13737694919109344,0.9121213555335999,0.6858872175216675,0.6584079265594482,-0.04339145869016647,0.8577824234962463,0.3758142590522766,0.6580719351768494,0.21305100619792938,0.2628675699234009,0.6072857975959778,0.6366702914237976,0.3768540620803833,0.3493455946445465,0.3796651363372803,0.6595445871353149,0.24936622381210327,0.15232697129249573,0.5963726043701172,0.640110194683075,0.43120142817497253,0.233531653881073,0.416544646024704,0.6477762460708618,0.2569624185562134,0.1447964459657669,0.5687555074691772,0.6291577219963074,0.41349342465400696,0.22907185554504395,0.42024919390678406,0.6461658477783203,0.22407498955726624,0.1507473886013031,0.5656906962394714,0.6302199363708496,0.3802507221698761,0.22619935870170593,0.421516478061676,0.7745175361633301,-0.009395007975399494,0.998524010181427,0.577761173248291,0.7661739587783813,0.009500785730779171,0.9973209500312805,0.3992346525192261,0.8138750791549683,0.6264272332191467,0.4301658570766449,0.5826201438903809,0.8333632946014404,0.6055663824081421,0.35483208298683167,0.4234871566295624,0.9060859680175781,1.0630557537078857,0.38072070479393005,0.5991988182067871,0.9167035222053528,1.05678391456604,0.28131961822509766,0.4434410631656647,0.9281712174415588,1.1173063516616821,0.5465153455734253,0.5928638577461243,0.9306175112724304,1.1136596202850342,0.53815096616745,0.41249603033065796,0.8905380964279175,1.2328921556472778,0.2100643813610077,0.59015291929245,0.9181268811225891,1.210466742515564,0.17528152465820312
0.49511751532554626,0.45685669779777527,0.05321475863456726,0.9968333840370178,0.4825468063354492,0.44383299350738525,-0.02190065011382103,0.9978629350662231,0.4741951823234558,0.4443552494049072,-0.02203526720404625,0.9980342984199524,0.4658535420894623,0.44499388337135315,-0.022245032712817192,0.9980020523071289,0.5091784596443176,0.4416137635707855,-0.025761928409337997,0.9967562556266785,0.5182218551635742,0.4407658874988556,-0.025763927027583122,0.9964030385017395,0.5279721617698669,0.44008931517601013,-0.026042887941002846,0.9957553744316101,0.45653432607650757,0.45444345474243164,-0.2354029268026352,0.9986323714256287,0.5435199737548828,0.4488448202610016,-0.2551206052303314,0.9974651336669922,0.48357024788856506,0.4693600535392761,-0.003101817099377513,0.9971860647201538,0.5131173729896545,0.4691281318664551,-0.007898972369730473,0.9959053993225098,0.351435124874115,0.5453115701675415,-0.29342153668403625,0.999443769454956,0.6566004157066345,0.5393354892730713,-0.30323144793510437,0.999119758605957,0.32773056626319885,0.6717718243598938,-0.14485251903533936,0.8862772583961487,0.6788196563720703,0.6618232131004333,-0.05028479918837547,0.8346048593521118,0.38615715503692627,0.670150876045227,0.16664549708366394,0.2397741675376892,0.6036140322685242,0.6538498997688293,0.3701595664024353,0.31854116916656494,0.3920764923095703,0.6754549741744995,0.2024284154176712,0.14102785289287567,0.5961875319480896,0.6613127589225769,0.42648598551750183,0.2149801254272461,0.4269771873950958,0.66464763879776,0.214345782995224,0.1341387927532196,0.5586036443710327,0.6571632027626038,0.4118431806564331,0.21085892617702484,0.43148088455200195,0.6619829535484314,0.17866286635398865,0.13962873816490173,0.5625318288803101,0.6554310321807861,0.37469682097435,0.20837005972862244,0.4216277003288269,0.7775455713272095,-0.009578169323503971,0.9985339045524597,0.5783534646034241,0.770291268825531,0.009636403061449528,0.9973610043525696,0.395742267370224,0.8060901761054993,0.6847042441368103,0.4181826710700989,0.5822185277938843,0.835848331451416,0.6441622972488403,0.34680289030075073,0.4285845160484314,0.8927385210990906,1.0885013341903687,0.38035762310028076,0.5981866717338562,0.9167390465736389,1.0652800798416138,0.2780926823616028,0.44946733117103577,0.9143051505088806,1.1396048069000244,0.5493724942207336,0.5937108397483826,0.9265139698982239,1.118514895439148,0.5367600321769714,0.41930487751960754,0.8797671794891357,1.2615196704864502,0.21039897203445435,0.5842171311378479,0.918143093585968,1.213565468788147,0.17205950617790222
0.4948703944683075,0.4578990340232849,0.07240092009305954,0.9970822930335999,0.4820999503135681,0.4446884095668793,-0.002675604075193405,0.9980237483978271,0.47364744544029236,0.4451994001865387,-0.0028048516251146793,0.9981696009635925,0.4652235805988312,0.4458211064338684,-0.0030123479664325714,0.9981452822685242,0.5090692043304443,0.44231563806533813,-0.006990813184529543,0.9970153570175171,0.5181822776794434,0.4413715600967407,-0.007015416398644447,0.9966890811920166,0.5278899073600769,0.440601110458374,-0.007313822396099567,0.9961143732070923,0.4559710919857025,0.4547998309135437,-0.22077570855617523,0.9987173676490784,0.543403685092926,0.4489922821521759,-0.2435453236103058,0.9976760149002075,0.48312023282051086,0.47034308314323425,0.013955779373645782,0.9974062442779541,0.5130862593650818,0.47010403871536255,0.008643308654427528,0.996256411075592,0.3501381576061249,0.5456570386886597,-0.282233327627182,0.9994484186172485,0.6572754383087158,0.540052592754364,-0.29851481318473816,0.9991508722305298,0.328936904668808,0.6736323833465576,-0.14710038900375366,0.8663680553436279,0.6731951832771301,0.6649215221405029,-0.05489100515842438,0.803504467010498,0.3890624940395355,0.677183985710144,0.1371178776025772,0.2197590470314026,0.6019464135169983,0.6654504537582397,0.36286288499832153,0.2895835041999817,0.39613744616508484,0.6830160021781921,0.17088918387889862,0.1315581053495407,0.5827391147613525,0.6707758903503418,0.42078927159309387,0.19680656492710114,0.4295242428779602,0.6724703311920166,0.18400052189826965,0.12520384788513184,0.557803213596344,0.6692804098129272,0.40634024143218994,0.1929762065410614,0.433939129114151,0.6694220304489136,0.1490514725446701,0.13009750843048096,0.5634732842445374,0.664095938205719,0.36760950088500977,0.19086351990699768,0.42072898149490356,0.777642011642456,-0.009776957333087921,0.9985939860343933,0.5783734917640686,0.7714409828186035,0.009719195775687695,0.9974396228790283,0.39547795057296753,0.8059235215187073,0.6794105172157288,0.41446247696876526,0.5819923281669617,0.8321402072906494,0.6526122689247131,0.3384402394294739,0.42686721682548523,0.8964685201644897,1.094224452972412,0.38802608847618103,0.5878005623817444,0.9057235717773438,1.0916086435317993,0.2744359076023102,0.44585853815078735,0.9190173149108887,1.14570152759552,0.5554962158203125,0.5934151411056519,0.9235960245132446,1.1460471153259277,0.529805600643158,0.41736364364624023,0.8840627670288086,1.2529641389846802,0.21413373947143555,0.5747473239898682,0.9078112244606018,1.2387372255325317,0.16854152083396912
0.494841068983078,0.45810994505882263,0.08153463155031204,0.9973127841949463,0.4820858836174011,0.4450721740722656,0.00042977937846444547,0.9981752634048462,0.47360891103744507,0.4456343352794647,0.0002975223760586232,0.998301088809967,0.46515747904777527,0.4462965726852417,9.329427848570049e-05,0.9982823133468628,0.5090140700340271,0.4425356984138489,0.0010510022984817624,0.9972546100616455,0.5181484818458557,0.4415433406829834,0.001029335311613977,0.9969537258148193,0.5278644561767578,0.44072750210762024,0.0007365537458099425,0.9964451789855957,0.455893874168396,0.4552210569381714,-0.23142758011817932,0.9988037347793579,0.5435041189193726,0.44894421100616455,-0.23094722628593445,0.9978706240653992,0.48310235142707825,0.4705091118812561,0.019121462479233742,0.9976138472557068,0.5130918025970459,0.4701131582260132,0.019777951762080193,0.9965792894363403,0.35046935081481934,0.5449919700622559,-0.2891596257686615,0.9994500875473022,0.6579702496528625,0.5407529473304749,-0.2865274250507355,0.9991870522499084,0.3223344683647156,0.6704257130622864,-0.14189523458480835,0.852225124835968,0.6748214364051819,0.6652950048446655,-0.03342967852950096,0.7775635719299316,0.38697415590286255,0.6697564125061035,0.1927759349346161,0.2032196819782257,0.6039398908615112,0.6588250994682312,0.4023033082485199,0.2639731168746948,0.39564964175224304,0.6807267665863037,0.22810742259025574,0.1249496340751648,0.5843350887298584,0.6649411916732788,0.4581374228000641,0.18112453818321228,0.42980214953422546,0.664914608001709,0.23259280622005463,0.11909385025501251,0.5609583258628845,0.6602906584739685,0.4406384229660034,0.17757052183151245,0.43372517824172974,0.6661489605903625,0.20355741679668427,0.1234779953956604,0.5660103559494019,0.6570574641227722,0.40611732006073,0.17589664459228516,0.4200814664363861,0.7795656323432922,-0.010088657960295677,0.9986225962638855,0.5789464712142944,0.7746106386184692,0.009992355480790138,0.9975149631500244,0.39440569281578064,0.7988864779472351,0.7009831070899963,0.39814990758895874,0.5796233415603638,0.8315940499305725,0.6772369742393494,0.33109959959983826,0.42752745747566223,0.897132158279419,1.1079257726669312,0.38791871070861816,0.5868749022483826,0.903749942779541,1.1015645265579224,0.27323612570762634,0.44613659381866455,0.9208082556724548,1.1596609354019165,0.5577572584152222,0.5932447910308838,0.9243220090866089,1.1564154624938965,0.5273702144622803,0.4202282130718231,0.8854475021362305,1.2781833410263062,0.21444416046142578,0.5773985981941223,0.909046471118927,1.257866621017456,0.1660851538181305
0.4948226511478424,0.45763030648231506,0.08605296164751053,0.9975273609161377,0.4820583462715149,0.44464561343193054,0.005647842772305012,0.9983155727386475,0.47358694672584534,0.44523054361343384,0.00551700359210372,0.9984246492385864,0.4651448130607605,0.445925235748291,0.005318205337971449,0.9984106421470642,0.508987545967102,0.44218721985816956,0.005562955979257822,0.9974743723869324,0.5181446671485901,0.4412536323070526,0.005551479756832123,0.9971963167190552,0.527869701385498,0.44049373269081116,0.0052658808417618275,0.996745765209198,0.45584186911582947,0.45498359203338623,-0.22504845261573792,0.9988846778869629,0.5435655117034912,0.4487990736961365,-0.22822073101997375,0.9980491995811462,0.4831153154373169,0.47005197405815125,0.023817425593733788,0.997802734375,0.5131213068962097,0.46971625089645386,0.02387118898332119,0.996870219707489,0.349962055683136,0.5453922152519226,-0.2845330536365509,0.9994643330574036,0.6583136320114136,0.5409721732139587,-0.28872716426849365,0.9992287158966064,0.31628161668777466,0.6702796220779419,-0.13785864412784576,0.84738689661026,0.6780896186828613,0.6665018796920776,-0.033323198556900024,0.7688012719154358,0.3848920166492462,0.6631091833114624,0.17597639560699463,0.19014640152454376,0.6049802303314209,0.6640112400054932,0.39316415786743164,0.24291139841079712,0.39532625675201416,0.6719188094139099,0.21022531390190125,0.12019918113946915,0.5858942866325378,0.6739951968193054,0.4487456977367401,0.1684619039297104,0.42721858620643616,0.6594265103340149,0.21592754125595093,0.11479943990707397,0.5625052452087402,0.6633209586143494,0.4345185160636902,0.16513273119926453,0.43043527007102966,0.6588583588600159,0.18642404675483704,0.11857862025499344,0.5675402283668518,0.6616106629371643,0.3980662226676941,0.1638851761817932,0.4196352958679199,0.7819262742996216,-0.010243924334645271,0.9986419677734375,0.5788754224777222,0.7765889167785645,0.010116302408277988,0.9975614547729492,0.39198511838912964,0.8017809987068176,0.6967263221740723,0.38842955231666565,0.5795294046401978,0.8303804397583008,0.6662919521331787,0.32951223850250244,0.4316738545894623,0.8987082839012146,1.103939175605774,0.38688722252845764,0.5869635939598083,0.90549236536026,1.0940874814987183,0.2689438462257385,0.4515412151813507,0.9225316047668457,1.155336618423462,0.5584588646888733,0.5930570960044861,0.9260146617889404,1.1493020057678223,0.5227380394935608,0.42607954144477844,0.8871610164642334,1.2750685214996338,0.215185284614563,0.5789858102798462,0.9093207120895386,1.253060221672058,0.16367866098880768
0.49586471915245056,0.4572862684726715,0.08089479804039001,0.997715175151825,0.4825376272201538,0.4443429112434387,-0.0008238062728196383,0.9984391331672668,0.4738348722457886,0.44493699073791504,-0.0009589320397935808,0.9985318779945374,0.4652272164821625,0.4456470310688019,-0.0011406011180952191,0.9985213279724121,0.5102077126502991,0.4419618248939514,0.00033626460935920477,0.9976674914360046,0.5193591713905334,0.441076397895813,0.00030218466417863965,0.9974112510681152,0.5290629863739014,0.4403590261936188,2.2005177015671507e-05,0.9970130920410156,0.45580366253852844,0.4547863304615021,-0.23254232108592987,0.998952329158783,0.5439910292625427,0.44865545630455017,-0.23077529668807983,0.9982068538665771,0.4836747348308563,0.46963995695114136,0.017883066087961197,0.9979698657989502,0.5144259333610535,0.4693295955657959,0.019301915541291237,0.9971311688423157,0.349731981754303,0.5458292365074158,-0.2896840572357178,0.999464213848114,0.6595178842544556,0.5420170426368713,-0.29151538014411926,0.9992539882659912,0.3140338659286499,0.669202446937561,-0.1432701200246811,0.8449586629867554,0.6811192035675049,0.6661256551742554,-0.03740124776959419,0.7553932070732117,0.38354676961898804,0.6551892757415771,0.1543811708688736,0.18000030517578125,0.6027417182922363,0.6596917510032654,0.38169506192207336,0.22287997603416443,0.39228105545043945,0.6655547022819519,0.18610967695713043,0.1173568069934845,0.580758273601532,0.6706807017326355,0.43503329157829285,0.15610502660274506,0.4256208837032318,0.6508956551551819,0.19458462297916412,0.11239270865917206,0.5623664259910583,0.6597771644592285,0.42149585485458374,0.1530037522315979,0.42839911580085754,0.6520146727561951,0.1658494919538498,0.11549271643161774,0.5672213435173035,0.6572118997573853,0.3866277039051056,0.15211273729801178,0.41954270005226135,0.785560667514801,-0.010343654081225395,0.9986648559570312,0.5788217782974243,0.780563473701477,0.010221865028142929,0.9976140260696411,0.39294272661209106,0.8118163347244263,0.6846092939376831,0.38516363501548767,0.5794695615768433,0.8306277394294739,0.6641299724578857,0.3316594362258911,0.4397301971912384,0.906187117099762,1.076093077659607,0.3975409269332886,0.5883797407150269,0.9059187769889832,1.0859649181365967,0.2733784317970276,0.4600885212421417,0.9287756085395813,1.1253163814544678,0.5686215162277222,0.5932424664497375,0.9262053370475769,1.1395728588104248,0.5250046253204346,0.43729662895202637,0.8962952494621277,1.2308356761932373,0.22403794527053833,0.5791813731193542,0.9119476675987244,1.2370511293411255,0.16619011759757996
